"task_id","finding_ids","priority","title","change_scope","dependencies","owner_role","effort_estimate","acceptance_criteria","user_case_ids","evidence_ids","verification_environment","rollback","blocker","snapshot_status","status","code_status","runtime_status","release_status","first_batch","current_build_sha","latest_evidence","next_action","environment","reviewable_delivery","actual_counts","blocker_owner","commands","updated_at_utc","commit_sha"
"R00","F22","P2","對齊 formatter 與真 npm CI 路徑","package.json; package-lock.json; bun.lock; .github/workflows/ci.yml","—","Developer","0.5–1日","npm/Bun clean installs都lint0errors；原75errors RED證據保留","UC27","lockfile-repro.json;lint.log;lint-bun-lock.log","local Node22/24 + CI","正常revert單一PR；不改其他依賴","無","待開始","已本機及CI核對並正常合併","local-passing; CI green; merged PR123","not_applicable: formatter configuration only","NO_GO for formal release; reviewable local delivery","是","34f6e4e19fe76a46bf0dd7637e6c9bb61fa7fa3c","evidence/2026-10-03-r00-formatter.json; CI37101756077; main CI37105773083 GREEN","Preserve root formatter parity and original gates","LOCAL actual PG18.6 Node22.23.3/Bun1.4.2; CI Node22/24 separate","PR123 merged 7dcc1fa1debaef149b8232c03dc920d886982a84","2RED+2GREEN clean installs; RED75lint errors; fixed0; Node22/24 lint/typecheck0; CI each235files2214pass0skip+12DEMO","Developer/Review","npm ci --ignore-scripts; bun frozen install; actual npm lint/typecheck; Bun/npm low audits; CI37101756077","2026-10-03T07:27:38.7780056Z","34f6e4e19fe76a46bf0dd7637e6c9bb61fa7fa3c"
"R01","F21","P0","獨立安全修補正式舊版","actual current live SHA isolated branch; minimal dependency/compatibility patch only if still affected","—","Security/Release","1–2日","無受影響resolved版本；同schema preview核心smoke；正式alias確認patched SHA","UC26","production-deployment.json;live-source-dependencies.txt","isolated preview + approved production promotion","保留已修補安全baseline的forward-fix；不要把已知漏洞當正常rollback目標","Same-schema hosted preview/fresh Auth/deployed resolved SBOM; explicit target/artifact acceptance before promotion","待開始","受阻","local-passing; exact-head CI green","runtime-blocked: deployed SBOM/runtime minor and same-historical-schema hosted preview/fresh Auth not_verified","NO_GO for formal release; reviewable local delivery","是","257fb9d0be17525a305f38bd26001ad8fa45deb8","PR124 candidate receipt; CI37103410777; exact live observation","Review minimal security candidate; obtain approved same-schema staging identity/receipt without introducing main schema","LOCAL actual PG18.6 Node22.23.3/Bun1.4.2; CI Node22/24 separate","PR124 dedicated actual-live maintenance base","RED4fail2pass; patched11pass; fullPG18=177files1763pass0skip; audits0; build/import gates0","Security/Release/Auth/DB","vitest security/root; Bun/npm low audits; full actualPG18; lint/typecheck/build/dev-import; CI37103410777","2026-10-03T06:47:44.6068877Z","257fb9d0be17525a305f38bd26001ad8fa45deb8"
"R02","F01;F17","P1","完成歷史 release receipt 與應用相容性政策","operations/schema-health; new release-compatibility; historical package; verify-audit-release","—","DB/Backend","2–4日","原66ledger不改；exact approved receipt/hash/physical contracts通過；未知不當綠；普通migrator仍拒絕歷史分歧","UC07;UC20","db-readiness.json;operations.json","disposable PG18.6 historical clone","transaction rollback；已commit後保留資料並用forward migration；先演練restore","Reviewed external build/environment-bound approval and full contract map; app role/seven logical owners/sole DDL freeze; hosted restore","待開始","受阻","local-passing; fresh review Important fixes verified; exact-head CI37106322118 pending at receipt cut","runtime-blocked: external approval/hosted restore/logical owners/app role/DDL freeze","NO_GO for formal release; reviewable local delivery","是","0bf703097e2517d091061e3623488a4b61cdd317","evidence/2026-10-03-r02-review-verification.json; evidence/2026-10-03-r02-historical-rehearsal-v2.json; r02-approved-release-policy.md","Wait exact-head source CI, normal green-only merge; hosted app-role/environment-bound approval and owner/restore inputs remain external","LOCAL actual PG18.6 Node22.23.3/Bun1.4.2; CI Node22/24 separate","PR125","Review RED6fail/2pass -> GREEN8pass; fullPG18 final237files2244pass0skip; initial full2243pass1NAR-child-timeout retained; isolated1pass; real dump/restore original82tables66ledger; after94tables1receipt; rollback/refusal/fences pass","DB/Release/Data","Node22 vitest catalog8; full Node22 vitest reporterJSON237/2244; npm lint0errors;typecheck0; Node strip-types PG18 v2 rehearsal; CI37106322118","2026-10-03T07:27:38.7874997Z","9dade4c"
"R03","F01;F02;F17;F20","P1","建立可驗收 staging 與發佈/排程清單","environment-matrix; runtime parity; restore/receipt; native scheduler; backlog inventory","R02","Ops/DB/Data owner","2–4日","隔離DB/storage/recipients；資料來源逐筆確認；三次真native tick；備份恢復證據","UC07;UC20","db-readiness.json;db-lineage.json","hosted isolated staging","停新trigger/dispatch；保留unknown attempts；恢復須照演練方案","Approved hosted staging identity/app role; seven logical owners/non-FK review; sole DDL freeze; hosted restore and one native scheduler/artifact/log access","受阻","受阻","local-passing; existing architecture retained","runtime-blocked; no new genuine UC/provider result","NO_GO for formal release; reviewable local delivery","是","ae88f194d5862f27399001235102378294989c11","evidence/2026-10-03-local-acceptance.json; oct3-local-acceptance.md; r03-staging-acceptance.md","Owner supplies named non-secret target/protocol/identity inputs in r03-staging-acceptance.md; then controlled genuine UC acceptance","LOCAL actual PG18.6 Node22.23.3/Bun1.4.2; CI Node22/24 separate","Oct3 R03/runtime acceptance candidate","4files61pass0skip; SELECT inventory3companies4pending14analysis; 0intents/verifiedbytes; no provider writes","DB/Data/Release/Ops","node vitest run maintenance-trigger/cron-wiring/operations.repository/outbox.integration; explicit Neon SELECT","2026-10-03T06:47:44.6069621Z","ae88f194d5862f27399001235102378294989c11"
"R04","F03;F04;F05;F10;F15","P1","文件→掃描→審閱→付款→readiness 閉環","documents; annual-return/readiness; payments; portal; recovery runbook","R03；fresh-role runtime另依R05，local contracts可先做","Backend/QA/Storage/Finance owner","3–5日","UC03/04/05/13/14/21通過真bytes及版本；legacy可見但unknown不放行","UC01;UC03;UC04;UC05;UC13;UC14;UC21","documents-live.json;db-lineage.json;kowloon-case.json","staging actual R2/scanner/OCR/AI","撤候選UI／停止jobs；恢復只加intent不偽造review；保留audit","Approved R2/scanner protocol+actual byte corpus; per-document recovery decisions; owner-labeled OCR/AI corpus; fresh staff identity","受阻","受阻","local-passing; existing architecture retained","runtime-blocked; no new genuine UC/provider result","NO_GO for formal release; reviewable local delivery","否","ae88f194d5862f27399001235102378294989c11","evidence/2026-10-03-local-acceptance.json; oct3-local-acceptance.md; r03-staging-acceptance.md","Owner supplies named non-secret target/protocol/identity inputs in r03-staging-acceptance.md; then controlled genuine UC acceptance","LOCAL actual PG18.6 Node22.23.3/Bun1.4.2; CI Node22/24 separate","Oct3 R03/runtime acceptance candidate","7 files / 134 pass / 0 fail / 0 skip (LOCAL contracts)","Storage/Scanner/AI/Finance","node node_modules/vitest/vitest.mjs run src/features/documents/repository.integration.test.ts src/features/documents/server-fns.test.ts src/features/documents/scan-worker.test.ts src/features/documents/analysis-worker.test.ts src/features/annual-return/readiness.integration.test.ts src/features/annual-return/payment-review.integration.test.ts src/routes/-payments.interaction.test.tsx --reporter=json --outputFile=C:\Users\laich\Documents\kossilon-hub\audit-t03-readiness-worktree\.worktrees\audit-oct3-execution\R04-existing-ucs.json","2026-10-03T06:47:44.6189452Z","e09820c38f57ea147271bb4a7f1663d9b6ef2de3;3b4e4bad70a5a72485068b079982b824c210af8f;73c26055d510942b13e997cd9e272ef7859c64b3"
"R05","F08;F16","P1","驗收真 Auth、Admin、跨公司隔離","auth; admin; documents authority; bulk authority","R03","Auth/Backend/QA","2–3日","fresh roles；same-session revoke；transfer先於disable；invite保持blocked直到verified API","UC06;UC15;UC23","admin-live.json;ci-111118097151.log","actual provider controlled identities","回復候選build；權限變更採audit有根據補償，不還原已撤銷權限","Controlled two-company/team role identities; fresh magic-link/Google/expiry/revoke receipts; verified tenant invitation API","受阻","受阻","local-passing; existing architecture retained","runtime-blocked; no new genuine UC/provider result","NO_GO for formal release; reviewable local delivery","否","ae88f194d5862f27399001235102378294989c11","evidence/2026-10-03-local-acceptance.json; oct3-local-acceptance.md; r03-staging-acceptance.md","Owner supplies named non-secret target/protocol/identity inputs in r03-staging-acceptance.md; then controlled genuine UC acceptance","LOCAL actual PG18.6 Node22.23.3/Bun1.4.2; CI Node22/24 separate","Oct3 R03/runtime acceptance candidate","5 files / 61 pass / 0 fail / 0 skip (LOCAL contracts)","Auth/QA","node node_modules/vitest/vitest.mjs run src/features/admin/repository.integration.test.ts src/features/admin/server-fns.test.ts src/features/documents/authorization.test.ts src/features/auth/authorization.test.ts src/features/documents/server-fns.test.ts --reporter=json --outputFile=C:\Users\laich\Documents\kossilon-hub\audit-t03-readiness-worktree\.worktrees\audit-oct3-execution\R05-existing-ucs.json","2026-10-03T06:47:44.7430192Z","4a97955d298d63aefdf02cb79b58f413817f2770;38adba61b0c7e044113266cc4faaf56aa4e9017e;5364aa747c2811bbe82194b9d3f319a0258922f9"
"R06","F06;F07;F09;F13;F14;F20","P1","驗收日常工作、月表與批次維護","Today/dashboard/queue; nar-import; bulk-operations; client lists","R04;R05","App/QA/Business owner","3–5日","scope一致；101/401邊界；preview/version/幂等/partial/resume；原月表小批無外發","UC02;UC09;UC12;UC16;UC17;UC18","work-queue-team.json;imports.json;annual-returns.json","staging approved workbook + native worker","cancel只停未執行；不盲目undo成功項；補償用逐項journal","Approved original XLSX+provenance/scope; staged 3/100-row apply scope; controlled native worker","受阻","受阻","local-passing; existing architecture retained","runtime-blocked; no new genuine UC/provider result","NO_GO for formal release; reviewable local delivery","否","ae88f194d5862f27399001235102378294989c11","evidence/2026-10-03-local-acceptance.json; oct3-local-acceptance.md; r03-staging-acceptance.md","Owner supplies named non-secret target/protocol/identity inputs in r03-staging-acceptance.md; then controlled genuine UC acceptance","LOCAL actual PG18.6 Node22.23.3/Bun1.4.2; CI Node22/24 separate","Oct3 R03/runtime acceptance candidate","8 files / 129 pass / 0 fail / 0 skip (LOCAL contracts)","Business/App/Ops","node node_modules/vitest/vitest.mjs run src/features/bulk-operations/repository.integration.test.ts src/features/bulk-operations/actions.integration.test.ts src/features/nar-import/apply.integration.test.ts src/features/nar-import/mapping.test.ts src/features/nar-import/normalize.test.ts src/features/nar-import/xlsx/workbook.test.ts src/features/annual-return/metrics.integration.test.ts src/features/annual-return/scale.integration.test.ts --reporter=json --outputFile=C:\Users\laich\Documents\kossilon-hub\audit-t03-readiness-worktree\.worktrees\audit-oct3-execution\R06-existing-ucs.json","2026-10-03T06:47:44.8364535Z","5d62034a213f07aadcdaa1d75c8e4d41dabb837b;447928ae83d26c6edc218e48a444a00c45adcacd;4a97955d298d63aefdf02cb79b58f413817f2770"
"R07","F11;F20","P1","驗收 WhatsApp 安全收發與回執","whatsapp webhook/media/outbox/manual mapping/approval","R03;R04;R05","Integration/QA/Channel owner","2–4日","指定sandbox recipient成功收發；署名/重放/unknown/fixture suppression通過","UC08;UC22","whatsapp.json;whatsapp-automation.json","WOZTELL sandbox","停dispatch；保留provider IDs；unknown先查回執再決策","Verified WOZTELL sandbox bindings/channel/CDN; approved recipient/purpose; real inbound/outbound/query/receipt","受阻","受阻","local-passing; existing architecture retained","runtime-blocked; no new genuine UC/provider result","NO_GO for formal release; reviewable local delivery","否","ae88f194d5862f27399001235102378294989c11","evidence/2026-10-03-local-acceptance.json; oct3-local-acceptance.md; r03-staging-acceptance.md","Owner supplies named non-secret target/protocol/identity inputs in r03-staging-acceptance.md; then controlled genuine UC acceptance","LOCAL actual PG18.6 Node22.23.3/Bun1.4.2; CI Node22/24 separate","Oct3 R03/runtime acceptance candidate","8 files / 122 pass / 0 fail / 0 skip (LOCAL contracts)","WOZTELL Channel/QA","node node_modules/vitest/vitest.mjs run src/features/whatsapp/intake-repository.integration.test.ts src/features/whatsapp/webhook.test.ts src/features/whatsapp/webhook-route.test.ts src/features/whatsapp/session-window.test.ts src/features/whatsapp/woztell.test.ts src/features/whatsapp/media-download.test.ts src/features/whatsapp/server-fns.test.ts src/features/notifications/outbox.integration.test.ts --reporter=json --outputFile=C:\Users\laich\Documents\kossilon-hub\audit-t03-readiness-worktree\.worktrees\audit-oct3-execution\R07-existing-ucs.json","2026-10-03T06:47:44.9461657Z","bd2179dfa82a51fa7fa470f8200f2edb2213ee80;2d76518d33fc688266bd008e1d550e31263c4014;124d3893df320034e370e2a4659963017ab71406"
"R08","F05;F12","P1","驗收人工交件閉環並定義外部 connector","handoff manifest/export/manual attestation/returns; destination port","R04;R05","Filing/Backend/QA","2–4日","真bytes ZIP；V2令舊approval失效；人工reference可追；unknown不重派；回條隔離","UC01;UC19","kowloon-case.json;operations.json","staging approved manual path or verified external sandbox","停止新submit；保留attempt/reference；不能把unknown回復unsent後重送","Approved manual operator/reference/return proof; platform ZIP sample; automated destination protocol/auth/query scope","受阻","受阻","local-passing; existing architecture retained","runtime-blocked; no new genuine UC/provider result","NO_GO for formal release; reviewable local delivery","否","ae88f194d5862f27399001235102378294989c11","evidence/2026-10-03-local-acceptance.json; oct3-local-acceptance.md; r03-staging-acceptance.md","Owner supplies named non-secret target/protocol/identity inputs in r03-staging-acceptance.md; then controlled genuine UC acceptance","LOCAL actual PG18.6 Node22.23.3/Bun1.4.2; CI Node22/24 separate","Oct3 R03/runtime acceptance candidate","6 files / 38 pass / 0 fail / 0 skip (LOCAL contracts)","Filing/Destination owner","node node_modules/vitest/vitest.mjs run src/features/annual-return/handoff.integration.test.ts src/features/annual-return/handoff.test.ts src/features/annual-return/handoff-server-fns.test.ts src/features/annual-return/handoff-destination.test.ts src/features/annual-return/components/case-handoff.interaction.test.tsx src/server/handoff-export-http.test.ts --reporter=json --outputFile=C:\Users\laich\Documents\kossilon-hub\audit-t03-readiness-worktree\.worktrees\audit-oct3-execution\R08-existing-ucs.json","2026-10-03T06:47:45.0391046Z","44ad90b034e000931b6113324e192895381dee9c;73c26055d510942b13e997cd9e272ef7859c64b3"
"R09","F19","P2","驗收公司成立、變更、範本及手機日常旅程","incorporation; corporate-changes; settings; sidebar; template snapshots","R05;R06","UX/App/QA","2–3日","UC10延伸完整staging lifecycle；UC11/25通過；無mock20cases；revision409不覆蓋新資料","UC10;UC11;UC25","settings-viewport.png;corporate-change-share-form.json","staging desktop1280/mobile390/keyboard","正常revertUI；保留case既有template snapshots","Controlled full lifecycle records; fresh-role 390/1280 keyboard/focus/touch screenshots","受阻","受阻","local-passing; existing architecture retained","runtime-blocked; no new genuine UC/provider result","NO_GO for formal release; reviewable local delivery","否","ae88f194d5862f27399001235102378294989c11","evidence/2026-10-03-local-acceptance.json; oct3-local-acceptance.md; r03-staging-acceptance.md","Owner supplies named non-secret target/protocol/identity inputs in r03-staging-acceptance.md; then controlled genuine UC acceptance","LOCAL actual PG18.6 Node22.23.3/Bun1.4.2; CI Node22/24 separate","Oct3 R03/runtime acceptance candidate","7 files / 42 pass / 0 fail / 0 skip (LOCAL contracts)","Business/UX/QA","node node_modules/vitest/vitest.mjs run src/features/incorporation/repository.test.ts src/features/incorporation/workflow.test.ts src/features/corporate-changes/repository.test.ts src/features/corporate-changes/workflow.test.ts src/features/checklist-templates/version.integration.test.ts src/routes/-settings-save.interaction.test.tsx src/routes/-settings-templates.test.tsx --reporter=json --outputFile=C:\Users\laich\Documents\kossilon-hub\audit-t03-readiness-worktree\.worktrees\audit-oct3-execution\R09-existing-ucs.json","2026-10-03T06:47:45.1541974Z","4a97955d298d63aefdf02cb79b58f413817f2770;3b4e4bad70a5a72485068b079982b824c210af8f;38adba61b0c7e044113266cc4faaf56aa4e9017e"
"R10","F02;F07;F17;F18","P2","量度正式拓撲等效效能及營運回復","metrics/page SQL; telemetry; queue freshness; benchmark scripts","R03;R06;R09","Ops/Performance/QA","2–3日","cold/warm及region資料齊；25users/15min；query/render/payload分開；門檻owner採納","UC07;UC18;UC20;UC24","build.log;operations.json","hosted isolated scale staging","停止壓測；只移除精確owned fixtures；不用全庫reset","Adopted SLO; equivalent hosted PG18/platform/region workload with 25 users 5min+15min; HTTP/RTT/SQL/render samples; native failure/recovery","受阻","受阻","local-passing; existing architecture retained","runtime-blocked; no new genuine UC/provider result","NO_GO for formal release; reviewable local delivery","否","ae88f194d5862f27399001235102378294989c11","evidence/2026-10-03-local-acceptance.json; oct3-local-acceptance.md; r03-staging-acceptance.md","Owner supplies named non-secret target/protocol/identity inputs in r03-staging-acceptance.md; then controlled genuine UC acceptance","LOCAL actual PG18.6 Node22.23.3/Bun1.4.2; CI Node22/24 separate","Oct3 R03/runtime acceptance candidate","6 files / 57 pass / 0 fail / 0 skip (LOCAL contracts)","Performance/Ops/Business SLO owner","node node_modules/vitest/vitest.mjs run src/features/operations/health.test.ts src/features/operations/server-fns.test.ts src/features/annual-return/metrics.integration.test.ts src/features/annual-return/scale.integration.test.ts src/server/maintenance-trigger.test.ts src/server/cron-wiring.test.ts --reporter=json --outputFile=C:\Users\laich\Documents\kossilon-hub\audit-t03-readiness-worktree\.worktrees\audit-oct3-execution\R10-existing-ucs.json","2026-10-03T06:47:45.2460881Z","3b4e4bad70a5a72485068b079982b824c210af8f"
"R11","F01-F22","P1","逐門檻發佈與原50 UAT正式簽收","release checklist; evidence manifest; original UAT ledger; deployment receipts","R00;R01;R02;R03;R04;R05;R06;R07;R08;R09;R10","Release/Business owner","1–2日","原50逐項有實際環境結果；阻塞功能明示；exactSHA/receipt/alias/health交叉核對；首批驗收後擴大","UC01-UC27","current-ci-jobs.json;production-deployment.json","approved production staged rollout","預先演練：停queue/feature→安全compatible build→資料forward-fix；restore有明確損失窗口","All remaining genuine UAT/runtime inputs; reviewed exact web+scheduler artifacts, external approved release contract, hosted rollback/restore and final operation authority","受阻","受阻","reviewable; release acceptance NO_GO","runtime-blocked; no new genuine UC/provider result","NO_GO for formal release; reviewable local delivery","否","ae88f194d5862f27399001235102378294989c11","evidence/2026-10-03-local-acceptance.json; oct3-local-acceptance.md; r03-staging-acceptance.md","Owner supplies named non-secret target/protocol/identity inputs in r03-staging-acceptance.md; then controlled genuine UC acceptance","LOCAL actual PG18.6 Node22.23.3/Bun1.4.2; CI Node22/24 separate","Oct3 R03/runtime acceptance candidate","Original50 byte-unchanged:19 historical LOCALONLY pass/31blocked; 0 new genuine results","Release/DB/Business acceptance owners","Original UAT SHA256/ledger parser; exact frozen SQL/manifest hashes; per-task local/CI receipts","2026-10-03T06:47:45.3379376Z","ae88f194d5862f27399001235102378294989c11"
