"UAT_ID","測試情境","Findings","Tasks","原始預期結果","新一輪狀態","Build_SHA","環境","測試資料版本","角色","執行命令或步驟","實際結果","證據路徑","Blocker及Owner","重測日期"
"AUTH-01","現有 Admin session","F08","T12,T22","身份明確、可進入授權頁","blocked","2955a27d7d145e4072b79bd5fc6ed43ce8997fd9","LOCAL ONLY Node22.23.3 / Postgres17 localhost55441 kossilon_pr02_ci; injected session/UI contracts","Synthetic identities/exact owned rollback fixtures; no provider enrollment","Injected verified Admin/Manager/Staff/Client; not actual fresh Auth","T12 gates:12 UI/unit +65 actual PostgreSQL tests; tsc; focused eslint; local0071 repeat","LOCAL contracts PASS: exact immutable Auth ID, both active states, same-session revoke, version409, handover-before-disable, two Admin invariant, disable/assignment lock. Actual fresh Auth/Google/invite and complete T13 transfer journey not executed.","docs/audit-remediation/evidence/2026-10-01-t12-local.json; staff-admin-runbook.md","Auth owner: controlled tenant accounts and fresh Auth/Google evidence; provider invitations remain blocked. Developer: T13 traceable bulk transfer.","2026-10-01"
"AUTH-02","Magic link 返回原頁","F03","T04,T22","登入一次成功；過期連結有重試；不回圈","blocked","4e77e6d5cee72e6117242212bd21ed6ac7817b2d","LOCAL ONLY Postgres17 localhost55441/kossilon_pr02_ci + router/provider/session contracts; FLOW03 includes read-only production aggregate","Candidate PR03 synthetic scoped fixtures; rollback/exact cleanup; production metadata2026-10-01T07:10:20Z","Admin/Manager/Staff/Client injected actor contracts; no fresh Auth provider","npm run test:184files/1864pass/0skip; document repository.integration, server-fns, router, cursor interaction suites; FLOW03 scoped read-only Neon SELECT","Not executed: fresh magic-link return/expiry requires controlled identity and actual provider session","docs/audit-remediation/evidence/2026-10-01-pr03-gates.json; document-recovery-runbook.md; evidence/2026-10-01-document-lineage-production.json","Auth owner: approved controlled account and fresh link; no invite or existing-session proof","2026-10-01"
"AUTH-03","Google 登入與未授權帳戶","F08","T12,T22","已邀請正確角色；未邀請不能進員工資料","blocked","2955a27d7d145e4072b79bd5fc6ed43ce8997fd9","LOCAL ONLY Node22.23.3 / Postgres17 localhost55441 kossilon_pr02_ci; injected session/UI contracts","Synthetic identities/exact owned rollback fixtures; no provider enrollment","Injected verified Admin/Manager/Staff/Client; not actual fresh Auth","T12 gates:12 UI/unit +65 actual PostgreSQL tests; tsc; focused eslint; local0071 repeat","LOCAL contracts PASS: exact immutable Auth ID, both active states, same-session revoke, version409, handover-before-disable, two Admin invariant, disable/assignment lock. Actual fresh Auth/Google/invite and complete T13 transfer journey not executed.","docs/audit-remediation/evidence/2026-10-01-t12-local.json; staff-admin-runbook.md","Auth owner: controlled tenant accounts and fresh Auth/Google evidence; provider invitations remain blocked. Developer: T13 traceable bulk transfer.","2026-10-01"
"AUTH-04","跨隊指派文件","F16","T05,T22","指定 reviewer 可見可讀；無關 staff 全部拒絕","blocked","4e77e6d5cee72e6117242212bd21ed6ac7817b2d","LOCAL ONLY Postgres17 localhost55441/kossilon_pr02_ci + router/provider/session contracts; FLOW03 includes read-only production aggregate","Candidate PR03 synthetic scoped fixtures; rollback/exact cleanup; production metadata2026-10-01T07:10:20Z","Admin/Manager/Staff/Client injected actor contracts; no fresh Auth provider","npm run test:184files/1864pass/0skip; document repository.integration, server-fns, router, cursor interaction suites; FLOW03 scoped read-only Neon SELECT","LOCAL contracts PASS: actual Postgres role/team/owner/reviewer matrix; unauthorized list/read and cross-company assignment denied; actual fresh roles not run","docs/audit-remediation/evidence/2026-10-01-pr03-gates.json; document-recovery-runbook.md; evidence/2026-10-01-document-lineage-production.json","Auth owner: fresh controlled Reviewer/Staff sessions and private sample; injected session is not runtime acceptance","2026-10-01"
"AUTH-05","離職停用","F08","T12,T13,T22","後端拒絕 inactive；任務可追溯轉交","blocked","cb45d20aa985b3128990df7d8a1fd06330a40bf3","LOCAL ONLY Node22.23.3 / Postgres17 localhost55441 kossilon_pr02_ci; injected session/UI contracts","Synthetic identities/exact owned rollback fixtures; no provider enrollment","Injected verified Admin/Manager/Staff/Client; not actual fresh Auth","T12 gates:12 UI/unit +65 actual PostgreSQL tests; tsc; focused eslint; local0071 repeat","LOCAL contracts PASS: exact immutable Auth ID, both active states, same-session revoke, version409, handover-before-disable, two Admin invariant, disable/assignment lock. Actual fresh Auth/Google/invite and complete T13 transfer journey not executed. T13 local durable per-item transfer/audit, current identity revocation and old-job resume PASS; fresh tenant Auth journey remains blocked.","docs/audit-remediation/evidence/2026-10-01-t12-local.json; staff-admin-runbook.md; docs/audit-remediation/evidence/2026-10-01-pr05-gates.json","Auth owner: controlled fresh tenant role/Google/invite journey; local transfer evidence does not prove provider acceptance.","2026-10-01"
"AUTH-06","Client 隔離","F16","T05,T22","只可讀自己公司；越權讀寫皆拒絕","blocked","4e77e6d5cee72e6117242212bd21ed6ac7817b2d","LOCAL ONLY Postgres17 localhost55441/kossilon_pr02_ci + router/provider/session contracts; FLOW03 includes read-only production aggregate","Candidate PR03 synthetic scoped fixtures; rollback/exact cleanup; production metadata2026-10-01T07:10:20Z","Admin/Manager/Staff/Client injected actor contracts; no fresh Auth provider","npm run test:184files/1864pass/0skip; document repository.integration, server-fns, router, cursor interaction suites; FLOW03 scoped read-only Neon SELECT","LOCAL contracts PASS: own-company list; foreign company upload/read denied; membership revocation with same injected session denies list/download and invokes no storage","docs/audit-remediation/evidence/2026-10-01-pr03-gates.json; document-recovery-runbook.md; evidence/2026-10-01-document-lineage-production.json","Auth owner: actual fresh Client sessions and scoped private sample","2026-10-01"
"OPS-01","Schema 一致","F01","T01,T22","全部 expected 完整；額外 ID 可解釋；不 reset 正式庫","blocked","aa5d3cbddd895bca953b6eef7266ae1cc0b46215","production read-only Neon/Vercel","2026-10-01 catalog snapshot","provider read-only operator","scoped Neon SELECT ledger/pg_catalog; Vercel get_deployment","66 IDs; required marker column/index absent; different 0034 ID; no production writes","docs/audit-remediation/evidence/2026-10-01-provider-inventory.json","DB/release owner: approve reviewed additive0067 and compatible release; preserve history","2026-10-01"
"OPS-02","排程 freshness","F02","T02,T22","間距符合5分鐘；10分鐘內更新；隊列下降","blocked","3d3c373bb3881667e7aebeed6cc6bcf0b81d8c48","production read-only Vercel/Neon inventory + local contract tests","aa5 production metadata; candidate code not deployed","read-only operator","filtered Vercel CLI GET project/deployment; Neon job catalog SELECT; local real-PG lease concurrency","current crons=[] owner=vercel; latest historical ticks stale; no3 actual scheduled runs; manual/candidate does not prove freshness","docs/audit-remediation/evidence/2026-10-01-pr02-gates.json; scheduler-runbook.md; capability-runbook.md","Ops: Cloudflare topology + staging isolated DB/recipient + correlated3 real ticks and queue evidence; release: new0069/deploy approval","2026-10-01"
"OPS-03","排程部分失敗","F02,F17","T02,T23,T22","部分失敗明示；其他 pass 結果保留；告警可追","pass","3d3c373bb3881667e7aebeed6cc6bcf0b81d8c48","LOCAL ONLY isolated Postgres17 + injected failure contracts; no provider execution","dedicated kossilon_pr02_ci; transaction rollback, synthetic jobs","local developer; Admin/staff diagnostics contract","npm run test (181files/1805pass/0skip); maintenance-trigger/http/cron-wiring; operations repository.integration/server-fns/capabilities","one failed pass preserves succeeding pass; lost ACK unknown/no replay; persisted unknown counted; errors correlation-only; query failures independent unknown; HTTP candidate cannot refresh healthy","docs/audit-remediation/evidence/2026-10-01-pr02-gates.json; scheduler-runbook.md; capability-runbook.md","Production scheduled fault acceptance remains gated: Ops/release owner; no genuine new ticks observed","2026-10-01"
"OPS-04","Fixture 外發抑制","F20","T03,T22","fixture/historical 無外發；client 正確處理","pass","49f6fb6ec0fb6e43aee6acf4d69c0c9585ebc7e9","LOCAL ONLY isolated Postgres17 + simulated transport; no live sends","three origins with equal deadline; transaction rollback","Admin/Staff domain contract","npm test; focused outbox.integration/repository/server-fns/UI suites; psql0068 repeat/unexpected-constraint rollback","only client invokes simulated transport; fixture/historical cancelled; claim-origin change blocks dispatch; scope2 vs diagnostics3; Staff diagnostics refused; no inference or provider IDs","docs/audit-remediation/evidence/2026-10-01-pr01-gates.json; data-origin-runbook.md","Live activation remains blocked: Business data owner verifies origins/recipients; release owner approves compatible0067/0068 release","2026-10-01"
"OPS-05","備份恢复與 populated migration","F01","T01,T22","可恢复、零錯誤關聯、idempotency及ledger正確","pass","1fd8ebf","local disposable Postgres17 localhost55441; Node22.23.3","seeded baseline + 2 synthetic outbox rows; controlled missing marker","local DB test operator","pg_dump -Fc; pg_restore into new local DB; psql --single-transaction --file=0067; repeat; npm test -- scripts/audit-schema-readiness.test.ts","restore/repeat pass;3companies/3cases/14docs/3payments/2outbox/34ledger preserved;2FKs;unknown fenced; pending untouched; no live recovery verified","docs/audit-remediation/evidence/2026-10-01-schema-rehearsal.json","production recovery rehearsal/approval separate: DB release owner","2026-10-01"
"FLOW-01","現有案件 Portal","F03","T04,T22","直接顯示該案件上載及狀態","pass","4e77e6d5cee72e6117242212bd21ed6ac7817b2d","LOCAL ONLY Postgres17 localhost55441/kossilon_pr02_ci + router/provider/session contracts; FLOW03 includes read-only production aggregate","Candidate PR03 synthetic scoped fixtures; rollback/exact cleanup; production metadata2026-10-01T07:10:20Z","Admin/Manager/Staff/Client injected actor contracts; no fresh Auth provider","npm run test:184files/1864pass/0skip; document repository.integration, server-fns, router, cursor interaction suites; FLOW03 scoped read-only Neon SELECT","LOCAL ONLY actual router render: existing seeded canonical UUID reaches authorised Portal case and status; active Client/staff contracts pass","docs/audit-remediation/evidence/2026-10-01-pr03-gates.json; document-recovery-runbook.md; evidence/2026-10-01-document-lineage-production.json","Auth owner: fresh provider journey still required before production acceptance","2026-10-01"
"FLOW-02","文件篩選 ID 一致","F03","T04,T22","每次只顯示所選案件；無效ID明確錯誤","pass","4e77e6d5cee72e6117242212bd21ed6ac7817b2d","LOCAL ONLY Postgres17 localhost55441/kossilon_pr02_ci + router/provider/session contracts; FLOW03 includes read-only production aggregate","Candidate PR03 synthetic scoped fixtures; rollback/exact cleanup; production metadata2026-10-01T07:10:20Z","Admin/Manager/Staff/Client injected actor contracts; no fresh Auth provider","npm run test:184files/1864pass/0skip; document repository.integration, server-fns, router, cursor interaction suites; FLOW03 scoped read-only Neon SELECT","LOCAL ONLY actual router search: canonical filters persist; invalid/numeric/boolean/null/empty/array input errors, no all-files RPC or cached all-files leak","docs/audit-remediation/evidence/2026-10-01-pr03-gates.json; document-recovery-runbook.md; evidence/2026-10-01-document-lineage-production.json","Production fresh-role browser UAT remains pending T22","2026-10-01"
"FLOW-03","文件庫與客戶列表對賬","F04","T06,T22","每份文件有可讀證據或明確缺口","blocked","4e77e6d5cee72e6117242212bd21ed6ac7817b2d","LOCAL ONLY Postgres17 localhost55441/kossilon_pr02_ci + router/provider/session contracts; FLOW03 includes read-only production aggregate","Candidate PR03 synthetic scoped fixtures; rollback/exact cleanup; production metadata2026-10-01T07:10:20Z","Admin/Manager/Staff/Client injected actor contracts; no fresh Auth provider","npm run test:184files/1864pass/0skip; document repository.integration, server-fns, router, cursor interaction suites; FLOW03 scoped read-only Neon SELECT","Readonly production confirms14 document versions and0 upload intents; LOCAL left-lineage lists metadata gaps; controlled additive recovery/unknown object/stale token and lock concurrency PASS","docs/audit-remediation/evidence/2026-10-01-pr03-gates.json; document-recovery-runbook.md; evidence/2026-10-01-document-lineage-production.json","Storage/scanner/business owner: actual object/sample checks and reviewed per-record recovery; no production HEAD/write","2026-10-01"
"FLOW-04","交件 readiness","F05","T08,T22","不應可提交；顯示欠款原因及下一步","pass","b6bdc752bd783be2695c11425c1a740bc0ec228c","LOCAL ONLY Node22.23.3/Bun1.3.14/Postgres17 localhost55441/kossilon_pr02_ci; injected sessions/scanner contracts, no actual provider roundtrip","PR04 scoped synthetic fixtures; rollback or exact-owned-ID cleanup; payment600+1200 and current V1/V2; >5000 case metrics fixture","Existing Admin/Manager/Staff/Client contracts; no new Finance/Reviewer role","npm run test:190files/1906pass/0skip; review affected8files/104pass; actual PG readiness/metrics/payment two-connection tests and UI interaction","LOCAL PASS: missing payment/unsafe current proof/unknown parties and unresolved critical company evidence block readiness; stale payment/evidence token409; no real transmission reported","docs/audit-remediation/evidence/2026-10-01-pr04-gates.json; evidence/2026-10-01-metrics-performance.json; payment-evidence-runbook.md","LOCAL ONLY acceptance; production/fresh-provider journey remains unverified, wider UAT T22","2026-10-01"
"FLOW-05","跨頁指標一致","F06","T09,T22","同scope同單位同結果；Filed排除未完成逾期","pass","b6bdc752bd783be2695c11425c1a740bc0ec228c","LOCAL ONLY Node22.23.3/Bun1.3.14/Postgres17 localhost55441/kossilon_pr02_ci; injected sessions/scanner contracts, no actual provider roundtrip","PR04 scoped synthetic fixtures; rollback or exact-owned-ID cleanup; payment600+1200 and current V1/V2; >5000 case metrics fixture","Existing Admin/Manager/Staff/Client contracts; no new Finance/Reviewer role","npm run test:190files/1906pass/0skip; review affected8files/104pass; actual PG readiness/metrics/payment two-connection tests and UI interaction","LOCAL PASS: independent PG scope/filter/origin truth, HK midnight, two-page SQL aggregates, missing document/case units and5001 rows without truncation; actor cache race isolated","docs/audit-remediation/evidence/2026-10-01-pr04-gates.json; evidence/2026-10-01-metrics-performance.json; payment-evidence-runbook.md","LOCAL ONLY acceptance; production/fresh-provider journey remains unverified, wider UAT T22","2026-10-01"
"FLOW-06","最後一頁","F07","T07,T22","末頁按鈕消失；無重複列","pass","4e77e6d5cee72e6117242212bd21ed6ac7817b2d","LOCAL ONLY Postgres17 localhost55441/kossilon_pr02_ci + router/provider/session contracts; FLOW03 includes read-only production aggregate","Candidate PR03 synthetic scoped fixtures; rollback/exact cleanup; production metadata2026-10-01T07:10:20Z","Admin/Manager/Staff/Client injected actor contracts; no fresh Auth provider","npm run test:184files/1864pass/0skip; document repository.integration, server-fns, router, cursor interaction suites; FLOW03 scoped read-only Neon SELECT","LOCAL ONLY cursor UI contracts201/400/401: terminal button disappears, ID dedup, failed-next keeps rows/retries same cursor; full real-PG suite PASS","docs/audit-remediation/evidence/2026-10-01-pr03-gates.json; document-recovery-runbook.md; evidence/2026-10-01-document-lineage-production.json","Production scale/browser journey pending T22","2026-10-01"
"FLOW-07","搜尋与 filter 競態","F07,F18","T07,T21,T22","不混舊資料；選取清空或明确保留规则","pass","4e77e6d5cee72e6117242212bd21ed6ac7817b2d","LOCAL ONLY Postgres17 localhost55441/kossilon_pr02_ci + router/provider/session contracts; FLOW03 includes read-only production aggregate","Candidate PR03 synthetic scoped fixtures; rollback/exact cleanup; production metadata2026-10-01T07:10:20Z","Admin/Manager/Staff/Client injected actor contracts; no fresh Auth provider","npm run test:184files/1864pass/0skip; document repository.integration, server-fns, router, cursor interaction suites; FLOW03 scoped read-only Neon SELECT","LOCAL ONLY delayed response and double click tests: new actor/filter owns pages and late prior query stays prior cache; current UI has no bulk selection; T13 must scope selection","docs/audit-remediation/evidence/2026-10-01-pr03-gates.json; document-recovery-runbook.md; evidence/2026-10-01-document-lineage-production.json","T13 bulk selection contract and T22 production browser acceptance remain pending","2026-10-01"
"FLOW-08","工作隊列識別","F14","T10,T22","姓名/團隊可辨認；實際下一步明確","pass","b6bdc752bd783be2695c11425c1a740bc0ec228c","LOCAL ONLY Node22.23.3/Bun1.3.14/Postgres17 localhost55441/kossilon_pr02_ci; injected sessions/scanner contracts, no actual provider roundtrip","PR04 scoped synthetic fixtures; rollback or exact-owned-ID cleanup; payment600+1200 and current V1/V2; >5000 case metrics fixture","Existing Admin/Manager/Staff/Client contracts; no new Finance/Reviewer role","npm run test:190files/1906pass/0skip; review affected8files/104pass; actual PG readiness/metrics/payment two-connection tests and UI interaction","LOCAL PASS: actual names/team/disambiguation, inactive denial, scoped assignment persistence and stale conflict; statutory/SLA and prepare/approval blockers distinct","docs/audit-remediation/evidence/2026-10-01-pr04-gates.json; evidence/2026-10-01-metrics-performance.json; payment-evidence-runbook.md","LOCAL ONLY acceptance; production/fresh-provider journey remains unverified, wider UAT T22","2026-10-01"
"FLOW-09","新客戶至新案件","F08,F20","T03,T12,T22","唯一CR/BR；owner/team正確；案件持久化","not_run","","","","","","","","",""
"FLOW-10","公司成立完整狀態","F13","T22","禁止跳步；公司只建立一次；狀態与work item一致","not_run","","","","","","","","",""
"FLOW-11","公司變更與撤銷","F13","T22","變更只按批准版本套用；取消有原因及audit","not_run","","","","","","","","",""
"FLOW-12","經常服務與SCR","F13","T22","期限及歷史可追；不可無聲重覆/越權","not_run","","","","","","","","",""
"IMPORT-01","月表 staging","F09","T14,T22","只有35資料行；不自動建案或發訊息","blocked","5b3e536793bce27aafe02fe5ee4f485cc7d85f3e","LOCAL ONLY Windows / portable Node22.23.3 / Bun1.3.14 / actual Postgres17 localhost55441 kossilon_pr02_ci; synthetic owned fixtures and injected Auth/UI contracts","Synthetic35/65-format,100 distinct-company rows; exact-owned local cleanup; original XLSX absent","Injected verified Admin/revoked/foreign actor contracts; not fresh provider Auth","npm run test:200files/1979pass/0skip; review PG25 and UI/RPC9; build/typecheck/lint/dev/offline; local0074/0075 repeat","Original XLSX absent from supplied evidence; not executed on original workbook. LOCAL synthetic35/65-format staging and2-selected/33-pending contracts PASS; no automatic case or messages at stage.","docs/audit-remediation/evidence/2026-10-01-pr06-gates.json; docs/audit-remediation/nar-import-runbook.md","Business data owner: original XLSX; Auth owner: controlled fresh session; Release/DB owner: review and approve new migration/deployment scope; Operations: actual native ticks; local success is not production acceptance","2026-10-02"
"IMPORT-02","月表特殊值","F09","T14,T22","invoice不當dedupe key；特殊值原文及來源保留","pass","5b3e536793bce27aafe02fe5ee4f485cc7d85f3e","LOCAL ONLY Windows / portable Node22.23.3 / Bun1.3.14 / actual Postgres17 localhost55441 kossilon_pr02_ci; synthetic owned fixtures and injected Auth/UI contracts","Synthetic35/65-format,100 distinct-company rows; exact-owned local cleanup; original XLSX absent","Injected verified Admin/revoked/foreign actor contracts; not fresh provider Auth","npm run test:200files/1979pass/0skip; review PG25 and UI/RPC9; build/typecheck/lint/dev/offline; local0074/0075 repeat","LOCAL ONLY actual PG: invoice reused by different companies without invoice-based dedupe; Nil/credit/raw/parser preserved; no fake company/fee/Paid date; attributable external mapping and explicit legacy-year confirmation.","docs/audit-remediation/evidence/2026-10-01-pr06-gates.json; docs/audit-remediation/nar-import-runbook.md","Business data owner: original XLSX; Auth owner: controlled fresh session; Release/DB owner: review and approve new migration/deployment scope; Operations: actual native ticks; local success is not production acceptance","2026-10-02"
"IMPORT-03","年份與 supplied due date","F09","T14,T22","先提示衝突；不能默默覆寫原deadline","pass","5b3e536793bce27aafe02fe5ee4f485cc7d85f3e","LOCAL ONLY Windows / portable Node22.23.3 / Bun1.3.14 / actual Postgres17 localhost55441 kossilon_pr02_ci; synthetic owned fixtures and injected Auth/UI contracts","Synthetic35/65-format,100 distinct-company rows; exact-owned local cleanup; original XLSX absent","Injected verified Admin/revoked/foreign actor contracts; not fresh provider Auth","npm run test:200files/1979pass/0skip; review PG25 and UI/RPC9; build/typecheck/lint/dev/offline; local0074/0075 repeat","LOCAL ONLY actual PG/UI: source/typed invoice and due differences shown with before/candidate/diff; case progress/parties/payment/checklist/requirements and mapping revision changes conflict409; no silent deadline overwrite.","docs/audit-remediation/evidence/2026-10-01-pr06-gates.json; docs/audit-remediation/nar-import-runbook.md","Business data owner: original XLSX; Auth owner: controlled fresh session; Release/DB owner: review and approve new migration/deployment scope; Operations: actual native ticks; local success is not production acceptance","2026-10-02"
"IMPORT-04","套用與重播","F09","T14,T22","無重覆案件；衝突逐行；歷史不派送","pass","5b3e536793bce27aafe02fe5ee4f485cc7d85f3e","LOCAL ONLY Windows / portable Node22.23.3 / Bun1.3.14 / actual Postgres17 localhost55441 kossilon_pr02_ci; synthetic owned fixtures and injected Auth/UI contracts","Synthetic35/65-format,100 distinct-company rows; exact-owned local cleanup; original XLSX absent","Injected verified Admin/revoked/foreign actor contracts; not fresh provider Auth","npm run test:200files/1979pass/0skip; review PG25 and UI/RPC9; build/typecheck/lint/dev/offline; local0074/0075 repeat","LOCAL ONLY actual PG: same-file replay, company/year across batches and2 workers prevent duplicate cases; actual SQL rollback gives per-row partial counts; owned child SIGKILL/resume applies once;100 distinct cases terminate; historical case guards prevent simulated outbox dispatch; full journal/read-only compensation, no deletion.","docs/audit-remediation/evidence/2026-10-01-pr06-gates.json; docs/audit-remediation/nar-import-runbook.md","Business data owner: original XLSX; Auth owner: controlled fresh session; Release/DB owner: review and approve new migration/deployment scope; Operations: actual native ticks; local success is not production acceptance","2026-10-02"
"DOC-01","正常安全上載","F03,F10","T04,T15,T16,T22","checksum/version綁定；未掃描不可放行","blocked","422b822c6cc064b4208739bd2e5c6ebd168d31f8","LOCAL ONLY Node22.23.3/Postgres17 localhost55441/kossilon_pr02_ci; scanner transport/session stubs","Synthetic PDFs and exact owned transactional fixtures; no real client bytes","Injected existing Admin/Manager/Staff/Client; not fresh Auth","npm run test:200files/2008pass/0skip; tsc/lint/build/offline; real PG current versions/claims; focused scan/review/download/RPC suites; PR07 final: npm run test 203files/2052pass/0skip; typecheck/lint/build/offline/dev12 gates PASS","LOCAL ONLY contracts PASS: byte hash/size/MIME/readability, exact scan/job/current version, current clean download and review. Genuine upload/R2/scanner/fresh Auth roundtrip not executed.; PR07 independent review fixed shared-document scope and linked resolution plus positive malware verdict preservation, RED/GREEN; no genuine provider acceptance.","docs/audit-remediation/evidence/2026-10-02-t15-local.json; docs/runbooks/document-quarantine.md; docs/audit-remediation/evidence/2026-10-02-pr07-gates.json","Security/storage owner: approved isolated R2/scanner and genuine verdict samples; Auth owner: fresh controlled roles; DB/release owner: approved compatible0076 release","2026-10-02"
"DOC-02","惡意/空檔/損毀/加密","F10","T15,T16,T22","quarantine或明確issue；不可預覽危險bytes","blocked","422b822c6cc064b4208739bd2e5c6ebd168d31f8","LOCAL ONLY Node22.23.3/Postgres17 localhost55441/kossilon_pr02_ci; scanner transport/session stubs","Synthetic PDFs and exact owned transactional fixtures; no real client bytes","Injected existing Admin/Manager/Staff/Client; not fresh Auth","npm run test:200files/2008pass/0skip; tsc/lint/build/offline; real PG current versions/claims; focused scan/review/download/RPC suites; PR07 final: npm run test 203files/2052pass/0skip; typecheck/lint/build/offline/dev12 gates PASS","LOCAL ONLY valid/zero/truncated/encrypted PDF, safe synthetic rejection, provider timeout/429/invalid/oversize and all-role unsafe-byte refusal PASS. No actual malware/scanner acceptance; rejected evidence retained isolated.; PR07 independent review fixed shared-document scope and linked resolution plus positive malware verdict preservation, RED/GREEN; no genuine provider acceptance.","docs/audit-remediation/evidence/2026-10-02-t15-local.json; docs/runbooks/document-quarantine.md; docs/audit-remediation/evidence/2026-10-02-pr07-gates.json","Security/storage owner: approved isolated R2/scanner and genuine verdict samples; Auth owner: fresh controlled roles; DB/release owner: approved compatible0076 release","2026-10-02"
"DOC-03","已收但未審","F05,F11","T08,T17,T22","移到內部覆核；不再追客同一已收件","not_run","","","","","","","","",""
"DOC-04","版本競爭與舊批准","F10","T08,T15,T16,T22","V1決定不批准V2；要重新審核","pass","422b822c6cc064b4208739bd2e5c6ebd168d31f8","LOCAL ONLY Node22.23.3/Postgres17 localhost55441/kossilon_pr02_ci; scanner transport/session stubs","Synthetic PDFs and exact owned transactional fixtures; no real client bytes","Injected existing Admin/Manager/Staff/Client; not fresh Auth","npm run test:200files/2008pass/0skip; tsc/lint/build/offline; real PG current versions/claims; focused scan/review/download/RPC suites; PR07 final: npm run test 203files/2052pass/0skip; typecheck/lint/build/offline/dev12 gates PASS","LOCAL ONLY actual Postgres V1 scan/V2 replacement, V1 approval does not approve V2, old attempt cannot write verdict; client-observed UUID required, stale review/download HTTP409, changed bytes refused. Not fresh provider acceptance.; PR07 independent review fixed shared-document scope and linked resolution plus positive malware verdict preservation, RED/GREEN; no genuine provider acceptance.","docs/audit-remediation/evidence/2026-10-02-t15-local.json; docs/runbooks/document-quarantine.md; docs/audit-remediation/evidence/2026-10-02-pr07-gates.json","Security/storage owner: approved isolated R2/scanner and genuine verdict samples; Auth owner: fresh controlled roles; DB/release owner: approved compatible0076 release","2026-10-02"
"PAY-01","付款證據審核","F15","T11,T22","同屏預覽、具體金額/日期、完整audit","blocked","b6bdc752bd783be2695c11425c1a740bc0ec228c","LOCAL ONLY Node22.23.3/Bun1.3.14/Postgres17 localhost55441/kossilon_pr02_ci; injected sessions/scanner contracts, no actual provider roundtrip","PR04 scoped synthetic fixtures; rollback or exact-owned-ID cleanup; payment600+1200 and current V1/V2; >5000 case metrics fixture","Existing Admin/Manager/Staff/Client contracts; no new Finance/Reviewer role","npm run test:190files/1906pass/0skip; review affected8files/104pass; actual PG readiness/metrics/payment two-connection tests and UI interaction","LOCAL contract PASS: private current clean preview, stored actual amounts/dates, no auto paid inference, attributed transaction audit. Actual fresh Finance-persona Auth/private R2/scanner journey NOT RUN","docs/audit-remediation/evidence/2026-10-01-pr04-gates.json; evidence/2026-10-01-metrics-performance.json; payment-evidence-runbook.md","Auth/storage/security owners: fresh controlled existing-role account, scoped private payment sample and real R2/scanner roundtrip; release owner must approve candidate schema/deploy","2026-10-01"
"PAY-02","部分款/重覆款/退回","F15","T11,T22","不誤設全額paid；原因可見；補傳linked","blocked","b6bdc752bd783be2695c11425c1a740bc0ec228c","LOCAL ONLY Node22.23.3/Bun1.3.14/Postgres17 localhost55441/kossilon_pr02_ci; injected sessions/scanner contracts, no actual provider roundtrip","PR04 scoped synthetic fixtures; rollback or exact-owned-ID cleanup; payment600+1200 and current V1/V2; >5000 case metrics fixture","Existing Admin/Manager/Staff/Client contracts; no new Finance/Reviewer role","npm run test:190files/1906pass/0skip; review affected8files/104pass; actual PG readiness/metrics/payment two-connection tests and UI interaction","LOCAL contract PASS:600+1200 partial balance, duplicate no credit, unreadable/duplicate return without invented values, preserved generic review plus linked additive replacement, V1/V2 conflict, actual two-PID lock contention and credit/audit once. Runtime journey NOT RUN","docs/audit-remediation/evidence/2026-10-01-pr04-gates.json; evidence/2026-10-01-metrics-performance.json; payment-evidence-runbook.md","Auth/storage/security owners: fresh controlled existing-role account, scoped private payment sample and real R2/scanner roundtrip; release owner must approve candidate schema/deploy","2026-10-01"
"MSG-01","配置健康","F11","T17,T18,T22","已配置/未配置及修復步驟一致","blocked","bd2179dfa82a51fa7fa470f8200f2edb2213ee80","LOCAL ONLY Node22.23.3/Bun1.3.14/Postgres17 localhost55441/kossilon_pr02_ci; synthetic provider/storage and injected Auth; production env names only","Owned SQL rollback fixtures; documented WOZTELL contract samples; no genuine recipient/R2/scanner sample","Injected/current SQL verified Admin/Manager/Staff scope; no fresh provider Auth","npm run test:209files2103pass0skip; focused repository/server-fns/webhook73pass; typecheck/lint/build/compiledhook/offline/dev12; local0078repeat/CHECK/rollback; vercel env ls production metadata only","BLOCKED: actual production metadata confirms four WOZTELL bindings and approved media-host policy absent. UI reports presence only/not_verified; no provider health claim.","docs/audit-remediation/evidence/2026-10-02-pr08-gates.json; whatsapp-runbook.md","Messaging:4 WOZTELL bindings/approved tenant/channel/template and recipient approval; Security:exact media CDN hosts/DNS trust; Storage/scanner:genuine staging sample; Auth:fresh roles; Operations:native ticks; no production SQL/deploy authority inferred","2026-10-02"
"MSG-02","共用電話與多案件","F11","T17,T18,T22","ambiguous不自動誤配；選案有audit","pass","bd2179dfa82a51fa7fa470f8200f2edb2213ee80","LOCAL ONLY Node22.23.3/Bun1.3.14/Postgres17 localhost55441/kossilon_pr02_ci; synthetic provider/storage and injected Auth; production env names only","Owned SQL rollback fixtures; documented WOZTELL contract samples; no genuine recipient/R2/scanner sample","Injected/current SQL verified Admin/Manager/Staff scope; no fresh provider Auth","npm run test:209files2103pass0skip; focused repository/server-fns/webhook73pass; typecheck/lint/build/compiledhook/offline/dev12; local0078repeat/CHECK/rollback; vercel env ls production metadata only","LOCAL ONLY PASS: shared phone across2companies refuses auto-map; Admin reason/current revision manual mapping audits once; per-message team/assignment scope, stale mapping and revoked current profile refuse. Genuine inbound/fresh Auth not accepted.","docs/audit-remediation/evidence/2026-10-02-pr08-gates.json; whatsapp-runbook.md","Messaging:4 WOZTELL bindings/approved tenant/channel/template and recipient approval; Security:exact media CDN hosts/DNS trust; Storage/scanner:genuine staging sample; Auth:fresh roles; Operations:native ticks; no production SQL/deploy authority inferred","2026-10-02"
"MSG-03","附件闭環","F11","T17,T18,T22","附件成document version；安全檢查一致","blocked","bd2179dfa82a51fa7fa470f8200f2edb2213ee80","LOCAL ONLY Node22.23.3/Bun1.3.14/Postgres17 localhost55441/kossilon_pr02_ci; synthetic provider/storage and injected Auth; production env names only","Owned SQL rollback fixtures; documented WOZTELL contract samples; no genuine recipient/R2/scanner sample","Injected/current SQL verified Admin/Manager/Staff scope; no fresh provider Auth","npm run test:209files2103pass0skip; focused repository/server-fns/webhook73pass; typecheck/lint/build/compiledhook/offline/dev12; local0078repeat/CHECK/rollback; vercel env ls production metadata only","BLOCKED genuine media/R2/scanner/Auth: local documented universal fileId/download limits/redirect/private DNS/MIME/abort; same domain intent/finalization produces quarantine/version/jobs once, revoked/closed refuses before storage, received replay skips download. No fake clean scan.","docs/audit-remediation/evidence/2026-10-02-pr08-gates.json; whatsapp-runbook.md","Messaging:4 WOZTELL bindings/approved tenant/channel/template and recipient approval; Security:exact media CDN hosts/DNS trust; Storage/scanner:genuine staging sample; Auth:fresh roles; Operations:native ticks; no production SQL/deploy authority inferred","2026-10-02"
"MSG-04","正常派送與receipt","F11","T17,T18,T22","狀態區分queued/sent/delivered；有provider ID","blocked","bd2179dfa82a51fa7fa470f8200f2edb2213ee80","LOCAL ONLY Node22.23.3/Bun1.3.14/Postgres17 localhost55441/kossilon_pr02_ci; synthetic provider/storage and injected Auth; production env names only","Owned SQL rollback fixtures; documented WOZTELL contract samples; no genuine recipient/R2/scanner sample","Injected/current SQL verified Admin/Manager/Staff scope; no fresh provider Auth","npm run test:209files2103pass0skip; focused repository/server-fns/webhook73pass; typecheck/lint/build/compiledhook/offline/dev12; local0078repeat/CHECK/rollback; vercel env ls production metadata only","BLOCKED genuine recipient/channel/template/receipt: local explicit current-version full draft preview/approve queue, request-derived identity/revocation, provider_accepted vs delivered/failed/unknown contracts pass. No live send or native tick performed.","docs/audit-remediation/evidence/2026-10-02-pr08-gates.json; whatsapp-runbook.md","Messaging:4 WOZTELL bindings/approved tenant/channel/template and recipient approval; Security:exact media CDN hosts/DNS trust; Storage/scanner:genuine staging sample; Auth:fresh roles; Operations:native ticks; no production SQL/deploy authority inferred","2026-10-02"
"MSG-05","未知派送與重播","F01,F02,F11","T01,T02,T17,T22","unknown不重發；duplicate不重覆建消息","pass","bd2179dfa82a51fa7fa470f8200f2edb2213ee80","LOCAL ONLY Node22.23.3/Bun1.3.14/Postgres17 localhost55441/kossilon_pr02_ci; synthetic provider/storage and injected Auth; production env names only","Owned SQL rollback fixtures; documented WOZTELL contract samples; no genuine recipient/R2/scanner sample","Injected/current SQL verified Admin/Manager/Staff scope; no fresh provider Auth","npm run test:209files2103pass0skip; focused repository/server-fns/webhook73pass; typecheck/lint/build/compiledhook/offline/dev12; local0078repeat/CHECK/rollback; vercel env ls production metadata only","LOCAL ONLY PASS: lost/malformed acknowledgement unknown spends attempts, actual2ticks no resend; duplicate idempotency/monotonic early receipt binding; signed same-event conflicts retain original source/failed audit with zero status/timestamp mutation in either message. Synthetic signatures/statuses are not genuine delivery.","docs/audit-remediation/evidence/2026-10-02-pr08-gates.json; whatsapp-runbook.md","Messaging:4 WOZTELL bindings/approved tenant/channel/template and recipient approval; Security:exact media CDN hosts/DNS trust; Storage/scanner:genuine staging sample; Auth:fresh roles; Operations:native ticks; no production SQL/deploy authority inferred","2026-10-02"
"BULK-01","部分成功批量分派","F13","T13,T18,T22","逐筆結果；成功不重做；越權零寫入","pass","cb45d20aa985b3128990df7d8a1fd06330a40bf3","LOCAL ONLY Node22.23.3 / Bun1.3.14 / Postgres17 localhost55441 kossilon_pr02_ci; injected session/UI contracts","Owned synthetic SQL fixtures:100-item mixed result;1240 scope;21-job history;5001 membership contract","Injected verified Admin/Manager; current actual PG identities per item","npm run test with both local PG URLs; affected PR05 review tests; CI gates in PR05 evidence","LOCAL ONLY PASS:90success/5locked/5forbidden; unauthorized zero audit; immutable filtered/excluded scope; actor/filter change clears stale selection; crash resume, fencing, explicit failed retry and unknown SQL reconciliation; old jobs reachable. Broader maintenance actions/native provider journey remain unverified.","docs/audit-remediation/evidence/2026-10-01-pr05-gates.json; bulk-assignment-runbook.md","Runtime acceptance: Operations owner actual native three ticks; Auth owner controlled fresh roles. Developer T18 broader actions; T21 full queue SQL pagination.","2026-10-01"
"BULK-02","全篩選與跨頁選取","F13","T13,T18,T22","總數與範圍明確；不意外包含舊選取","pass","cb45d20aa985b3128990df7d8a1fd06330a40bf3","LOCAL ONLY Node22.23.3 / Bun1.3.14 / Postgres17 localhost55441 kossilon_pr02_ci; injected session/UI contracts","Owned synthetic SQL fixtures:100-item mixed result;1240 scope;21-job history;5001 membership contract","Injected verified Admin/Manager; current actual PG identities per item","npm run test with both local PG URLs; affected PR05 review tests; CI gates in PR05 evidence","LOCAL ONLY PASS:90success/5locked/5forbidden; unauthorized zero audit; immutable filtered/excluded scope; actor/filter change clears stale selection; crash resume, fencing, explicit failed retry and unknown SQL reconciliation; old jobs reachable. Broader maintenance actions/native provider journey remain unverified.","docs/audit-remediation/evidence/2026-10-01-pr05-gates.json; bulk-assignment-runbook.md","Runtime acceptance: Operations owner actual native three ticks; Auth owner controlled fresh roles. Developer T18 broader actions; T21 full queue SQL pagination.","2026-10-01"
"BULK-03","批量追件草稿","F11,F13","T13,T17,T18,T22","只追真正缺件；未配置/fixture不送","pass","3226db68d1c0083b17fe7024f568fd2ca1b608e5","LOCAL ONLY Node22.23.3/Bun1.3.14/actual Postgres17 localhost55441/kossilon_pr02_ci; no genuine Auth/provider","100 owned synthetic cases:25 definite missing drafts; Received/unknown/missing-recipient/fixture/completed/cross-team/locked; owned rollback/cleanup fixtures","Synthetic current SQL Admin/Manager; no fresh provider sessions","node node_modules/vitest/vitest.mjs run src/features/bulk-operations/actions.integration.test.ts src/features/bulk-operations/repository.integration.test.ts src/components/bulk-selection-toolbar.test.tsx src/features/bulk-operations/server-fns.test.ts src/features/bulk-operations/membership.test.ts:5files39pass0skip;53 affected view/convention tests; tsc --noEmit; npm run lint","LOCAL ONLY PASS: six common actions/single domain services;100cases25drafts/no send; checklist/template/data conflicts; individual return reasons; safe metadata/current UUID; payment remains pending; replay/resume/cancel/partial CSV/current scope masking; unknown SQL never blind retries. Full PR09 CI/review pending.","docs/audit-remediation/evidence/2026-10-02-t18-gates.json; bulk-maintenance-runbook.md","Auth:fresh roles; Messaging:genuine approved tenant/channel/template/recipient; Release:schema order/approval; Operations:native scheduler. No production mutation authorized.","2026-10-02"
"HANDOFF-01","正常與重試交件","F12","T19,T22","一個handoff、一個外部reference；hash一致","blocked","44ad90b034e000931b6113324e192895381dee9c","LOCAL ONLY Windows Node24.18.0/Bun1.3.14/actual Postgres17 localhost55441/kossilon_pr02_ci; independent remoteCI Node22.23.3/PG17 verified36962718285","Synthetic isolated rolled-back fixtures; no real provider receipt/scan","Injected fresh-authority Admin/Staff DB contracts; no actual fresh Auth","npm run test:215files2134pass0skip; handoff PG/UI8pass; destination8pass; original CI gates","LOCAL PASS immutable approval/current version, concurrent idempotency, known manual export/submission, current document auth, unknown no retry, return replay/collision/hash mismatch/quarantine/reconciliation. Actual destination receipt and genuine timeout recovery unverified.","docs/audit-remediation/evidence/2026-10-02-pr09-gates.json; handoff-runbook.md","Filing owner verified destination protocol/address/rights/receipt and controlled staging recipient; Storage/scanner genuine R2/verdict; Auth fresh roles; Release platform binary stream and reviewed schema.","2026-10-02"
"HANDOFF-02","外部已收但timeout","F12","T19,T22","未知先查；退件關聯原manifest及新版","blocked","44ad90b034e000931b6113324e192895381dee9c","LOCAL ONLY Windows Node24.18.0/Bun1.3.14/actual Postgres17 localhost55441/kossilon_pr02_ci; independent remoteCI Node22.23.3/PG17 verified36962718285","Synthetic isolated rolled-back fixtures; no real provider receipt/scan","Injected fresh-authority Admin/Staff DB contracts; no actual fresh Auth","npm run test:215files2134pass0skip; handoff PG/UI8pass; destination8pass; original CI gates","LOCAL PASS immutable approval/current version, concurrent idempotency, known manual export/submission, current document auth, unknown no retry, return replay/collision/hash mismatch/quarantine/reconciliation. Actual destination receipt and genuine timeout recovery unverified.","docs/audit-remediation/evidence/2026-10-02-pr09-gates.json; handoff-runbook.md","Filing owner verified destination protocol/address/rights/receipt and controlled staging recipient; Storage/scanner genuine R2/verdict; Auth fresh roles; Release platform binary stream and reviewed schema.","2026-10-02"
"AI-01","真實完整文件","F10","T15,T16,T22","引用對應文件頁；無虛構缺件；不自動批准","blocked","422b822c6cc064b4208739bd2e5c6ebd168d31f8","LOCAL ONLY Node22.23.3/Postgres17 localhost55441/kossilon_pr02_ci; synthetic corpus and stub OCR/HTTP/injected actors","Synthetic human-labelled A-E; actual unpdf; no genuine blurred/rotated corpus or provider accuracy","Injected verified staff/Client contracts; not fresh Auth","npm test full203files2047pass0skip; focused8files159pass; reviewerUI3pass; actualPGatomic/identity/revoke; build/typecheck/lint/dev12/predeploy; local0077repeat/rollback; PR07 final: npm run test 203files/2052pass/0skip; typecheck/lint/build/offline/dev12 gates PASS","LOCAL contracts PASS: exact SHA/pages/quotes/offsets, confirmed requirements/name/year/manual date policy, invalid citations/timeouts/429/JSON/empty text/injection/version replacement, atomic claim/context fencing; cannot claim true OCR/AI or precision/recall; PR07 independent review fixed shared-document scope and linked resolution plus positive malware verdict preservation, RED/GREEN; no genuine provider acceptance.","docs/audit-remediation/evidence/2026-10-02-t16-local.json; document-analysis-runbook.md; docs/audit-remediation/evidence/2026-10-02-pr07-gates.json","Security/Storage: genuine staging scan/R2 bytes; OCR/AI owners: approved protocol/scoped credentials and model/prompt/cost metadata; business reviewer: controlled human-labelled true corpus/precision/recall/unknown; Auth owner: fresh role sessions","2026-10-02"
"AI-02","缺件與多人適用性","F10","T15,T16,T22","缺件精準到人/文件；未明適用性unknown","blocked","422b822c6cc064b4208739bd2e5c6ebd168d31f8","LOCAL ONLY Node22.23.3/Postgres17 localhost55441/kossilon_pr02_ci; synthetic corpus and stub OCR/HTTP/injected actors","Synthetic human-labelled A-E; actual unpdf; no genuine blurred/rotated corpus or provider accuracy","Injected verified staff/Client contracts; not fresh Auth","npm test full203files2047pass0skip; focused8files159pass; reviewerUI3pass; actualPGatomic/identity/revoke; build/typecheck/lint/dev12/predeploy; local0077repeat/rollback; PR07 final: npm run test 203files/2052pass/0skip; typecheck/lint/build/offline/dev12 gates PASS","LOCAL contracts PASS: exact SHA/pages/quotes/offsets, confirmed requirements/name/year/manual date policy, invalid citations/timeouts/429/JSON/empty text/injection/version replacement, atomic claim/context fencing; cannot claim true OCR/AI or precision/recall; PR07 independent review fixed shared-document scope and linked resolution plus positive malware verdict preservation, RED/GREEN; no genuine provider acceptance.","docs/audit-remediation/evidence/2026-10-02-t16-local.json; document-analysis-runbook.md; docs/audit-remediation/evidence/2026-10-02-pr07-gates.json","Security/Storage: genuine staging scan/R2 bytes; OCR/AI owners: approved protocol/scoped credentials and model/prompt/cost metadata; business reviewer: controlled human-labelled true corpus/precision/recall/unknown; Auth owner: fresh role sessions","2026-10-02"
"AI-03","錯年度姓名及文件內容指令","F10","T15,T16,T22","讀內容发现差異；忽略文件中的指令；人審","blocked","422b822c6cc064b4208739bd2e5c6ebd168d31f8","LOCAL ONLY Node22.23.3/Postgres17 localhost55441/kossilon_pr02_ci; synthetic corpus and stub OCR/HTTP/injected actors","Synthetic human-labelled A-E; actual unpdf; no genuine blurred/rotated corpus or provider accuracy","Injected verified staff/Client contracts; not fresh Auth","npm test full203files2047pass0skip; focused8files159pass; reviewerUI3pass; actualPGatomic/identity/revoke; build/typecheck/lint/dev12/predeploy; local0077repeat/rollback; PR07 final: npm run test 203files/2052pass/0skip; typecheck/lint/build/offline/dev12 gates PASS","LOCAL contracts PASS: exact SHA/pages/quotes/offsets, confirmed requirements/name/year/manual date policy, invalid citations/timeouts/429/JSON/empty text/injection/version replacement, atomic claim/context fencing; cannot claim true OCR/AI or precision/recall; PR07 independent review fixed shared-document scope and linked resolution plus positive malware verdict preservation, RED/GREEN; no genuine provider acceptance.","docs/audit-remediation/evidence/2026-10-02-t16-local.json; document-analysis-runbook.md; docs/audit-remediation/evidence/2026-10-02-pr07-gates.json","Security/Storage: genuine staging scan/R2 bytes; OCR/AI owners: approved protocol/scoped credentials and model/prompt/cost metadata; business reviewer: controlled human-labelled true corpus/precision/recall/unknown; Auth owner: fresh role sessions","2026-10-02"
"AI-04","模糊無文字層文件","F10","T15,T16,T22","unknown或低信心；不猜姓名/日期","blocked","422b822c6cc064b4208739bd2e5c6ebd168d31f8","LOCAL ONLY Node22.23.3/Postgres17 localhost55441/kossilon_pr02_ci; synthetic corpus and stub OCR/HTTP/injected actors","Synthetic human-labelled A-E; actual unpdf; no genuine blurred/rotated corpus or provider accuracy","Injected verified staff/Client contracts; not fresh Auth","npm test full203files2047pass0skip; focused8files159pass; reviewerUI3pass; actualPGatomic/identity/revoke; build/typecheck/lint/dev12/predeploy; local0077repeat/rollback; PR07 final: npm run test 203files/2052pass/0skip; typecheck/lint/build/offline/dev12 gates PASS","LOCAL contracts PASS: exact SHA/pages/quotes/offsets, confirmed requirements/name/year/manual date policy, invalid citations/timeouts/429/JSON/empty text/injection/version replacement, atomic claim/context fencing; cannot claim true OCR/AI or precision/recall; PR07 independent review fixed shared-document scope and linked resolution plus positive malware verdict preservation, RED/GREEN; no genuine provider acceptance.","docs/audit-remediation/evidence/2026-10-02-t16-local.json; document-analysis-runbook.md; docs/audit-remediation/evidence/2026-10-02-pr07-gates.json","Security/Storage: genuine staging scan/R2 bytes; OCR/AI owners: approved protocol/scoped credentials and model/prompt/cost metadata; business reviewer: controlled human-labelled true corpus/precision/recall/unknown; Auth owner: fresh role sessions","2026-10-02"
"AI-05","provider故障與版本更新","F10","T15,T16,T22","明示錯誤；可恢復；舊finding不批准新版","blocked","422b822c6cc064b4208739bd2e5c6ebd168d31f8","LOCAL ONLY Node22.23.3/Postgres17 localhost55441/kossilon_pr02_ci; synthetic corpus and stub OCR/HTTP/injected actors","Synthetic human-labelled A-E; actual unpdf; no genuine blurred/rotated corpus or provider accuracy","Injected verified staff/Client contracts; not fresh Auth","npm test full203files2047pass0skip; focused8files159pass; reviewerUI3pass; actualPGatomic/identity/revoke; build/typecheck/lint/dev12/predeploy; local0077repeat/rollback; PR07 final: npm run test 203files/2052pass/0skip; typecheck/lint/build/offline/dev12 gates PASS","LOCAL contracts PASS: exact SHA/pages/quotes/offsets, confirmed requirements/name/year/manual date policy, invalid citations/timeouts/429/JSON/empty text/injection/version replacement, atomic claim/context fencing; cannot claim true OCR/AI or precision/recall; PR07 independent review fixed shared-document scope and linked resolution plus positive malware verdict preservation, RED/GREEN; no genuine provider acceptance.","docs/audit-remediation/evidence/2026-10-02-t16-local.json; document-analysis-runbook.md; docs/audit-remediation/evidence/2026-10-02-pr07-gates.json","Security/Storage: genuine staging scan/R2 bytes; OCR/AI owners: approved protocol/scoped credentials and model/prompt/cost metadata; business reviewer: controlled human-labelled true corpus/precision/recall/unknown; Auth owner: fresh role sessions","2026-10-02"
"PERF-01","資料量與權限規模","F18","T21,T22","不截斷；CPU/memory及SQL有基線；無跨scope","not_run","","","","","","","","",""
"UX-01","手機與鍵盤日常任務","F19","T20,T22","44px觸控、焦點可見、dialog鍵盤、filters保存","not_run","","","","","","","","",""