finding_id,title,owning_tasks,acceptance_source
K01,部署與資料庫遷移帳目不一致,"T00,T01,T29",schema 與版本一致；Documents、Payments、case parties、analysis、maintenance 查詢均成功；回復路徑有演練。
K02,文件、付款證據及案件支援讀取失敗,"T01,T02,T12,T13,T26,T29",有證據的案件可讀取並選取對應文件；讀取故障時不顯示「沒有」的結論。
K03,WhatsApp 未接通,"T08,T17,T29",在指定測試對話驗證 inbound、approved-template、delivery receipt；此審核沒有發送任何訊息。
K04,Outbox 仍有重送與 fixture 競態風險,"T00,T06,T23,T29",注入 provider 成功＋DB 寫入失敗、並行 claim、fixture enqueue 競態，證明不重送；每一不確定結果均可查明。
K05,「可以交件」與實際交件條件矛盾,"T03,T29",未付款案件不得出現在可以交件；同一案件每個入口顯示同一結論。
K06,現有案件的 Open portal 走入選案提示頁,"T02,T29",目前這筆資料由案件頁可到正確 Portal；合法新 ID／legacy ID／無效 ID 均有測試。
K07,月表匯入尚未落實業務資料,"T09,T11,T13,T29",同一月表重播無重複案件／付款；有逐列變更證據及可下載失敗報告。
K08,匯入對應公司的選單資料源不適用,"T10,T29",三個現有公司均可被合法 mapping 搜尋選到，不會因此建立重複案件。
K09,完成 mapping 後重上載不會重算舊批次,"T10,T11,T29",同一檔案 mapping 後立即更新 disposition／counts／preview；重播結果一致。
K10,匯入查詢錯誤可能被呈現成沒有紀錄,"T02,T10,T29",模擬查詢失敗時不可顯示尚未有紀錄；錯誤可重試。
K11,Admin 不是可用的職員管理台,"T20,T29",管理員可完成邀請至啟用、停用至轉派；越權被 server 拒絕並有 audit。
K12,工作隊列同事選單無法辨認,"T05,T22,T29",相同 UUID 前綴的兩位同事仍可清楚辨別；桌面、手機及指派彈窗一致。
K13,逾期工作與 SLA 狀態沒有清楚連接,"T05,T07,T29",過期工作有可解釋狀態；沒有 policy 與沒有 breach 分開統計。
K14,儀表板與看板統計口徑不一致,"T03,T29",同範圍指標一致；Filed 不再被當作尚未申報逾期；查詢等待時用 skeleton，不先顯示 0。
K15,Settings 使用了 mock 的模板使用量,"T21,T29",使用量可追到具體案件，不再引用 mock cases。
K16,多頁載入到尾頁後可退回第一頁 cursor,"T04,T29",超過兩頁且最後不足一頁：每筆只出現一次，尾頁按鈕消失；切換 filters 重置。
K17,Submit packet 語意與實際動作不一致,"T14,T15,T16,T24,T29",每一步有證據、操作者與時間；只有取得提交／回件證據才可前進；無 connector 時人手流程仍可閉環。
K18,WhatsApp 對話與文件工作流尚未閉環,"T18,T19,T23,T29",由同一對話能追到案件、文件版本與送達狀態；實際模板內容與預覽一致；批量提醒不可繞過 fixture gate。
K19,AI 文件檢查尚不足以做案件內容核對,"T12,T25,T29",核對樣本涵蓋錯公司、錯年度、缺頁、影像 PDF、低可信度；每項判斷可追到文件版本及原文。
K20,系統運作中的 integration 說明含靜態狀態,"T08,T29",已配置但未驗證、未配置、失敗三者清晰；每個狀態有真實來源。
K21,排程在實際部署的執行證據仍不足,"T00,T07,T29",實際環境取得至少連續多次 scheduled run，含失敗後恢復；manual run 不冒充 scheduled。
K22,日常工作入口缺少直接下一步及批量操作,"T09,T18,T21,T22,T23,T24,T26,T29",常用動作不用橫捲；選取跨頁範圍清楚；完成後保留篩選與滾動位置。
K23,效能仍依賴讀取全部案件後分類,"T04,T27,T29",以 1k／10k 案件及大型月表測 query count、p95、payload／DOM；任何截斷都不得靜默。
K24,介面語言、狀態及支援訊息不一致,"T05,T26,T29",每個 blocked/error/empty 狀態都有可行動指引；技術 ID 只留在診斷詳情。
