"task_id","phase","title","dependencies","audit_ids","status","commit_sha","tests_executed","runtime_evidence","blocker"
"T00","0","固定實作基準及確認變更邊界","","K01,K04,K21","local-passing","","SHA256 11/11 and ZIP 21/21; lint 0 (1 warning); typecheck 0; tests 1522 passed 188 skipped; build 0; verify:firm dry-run 0 blocked; verify:dev-server-imports 1 root timeout twice","docs/runbooks/audit-2026-09-27-baseline.md; Vercel deployment dpl_3eb48Wud1q6eNjYFh1fwBZ1cUSKT at audit SHA; Neon read-only ledger 21/33; K01-K24 dispositions","Vercel DB binding and production scheduler unverified; integration tests lack TEST_DATABASE_URL; baseline dev import gate fails root timeout"
"T01","1","Schema 修復、資料兼容及 release gate","T00","K01,K02","planned","","","",""
"T02","1","統一 ID 與查詢失敗狀態","T00","K02,K06,K10","planned","","","",""
"T03","1","共用 readiness 與營運統計定義","T01,T02","K05,K14","planned","","","",""
"T04","1","修復分頁及搜尋狀態","T02","K16,K23","planned","","","",""
"T05","1","工作隊列姓名、SLA 與逾期說明","T01,T02","K12,K13,K24","planned","","","",""
"T06","2","Outbox 傳送 attempt 與不確定結果","T01","K04","planned","","","",""
"T07","2","實際 runtime 排程及作業 ownership","T01,T06","K21,K13","planned","","","",""
"T08","2","動態 capabilities 與支援診斷","T01,T07","K20,K03","planned","","","",""
"T09","3","共用可恢復批次操作核心","T01,T02","K07,K22","planned","","","",""
"T10","3","月表 mapping、語意版本與 preview diff","T01,T02","K08,K09,K10","planned","","","",""
"T11","3","月表 approve／apply／resume","T09,T10,T03","K07,K09","planned","","","",""
"T12","3","文件上載、安全掃描與人工審閱可營運","T01,T02,T07,T08","K02,K19","planned","","","",""
"T13","3","付款觀察、證據配對及覆核","T09,T12,T03","K02,K07","planned","","","",""
"T14","4","批准 manifest 與可下載文件包","T03,T12,T13","K17","planned","","","",""
"T15","4","記錄人手外部交件","T14","K17","planned","","","",""
"T16","4","內部伺服器回件與異常處理","T15,T12,T07","K17","planned","","","",""
"T17","5","WhatsApp 連線、webhook 與指定測試驗證","T06,T07,T08","K03","planned","","","",""
"T18","5","案件聯絡人、直接回覆與實際送出預覽","T17,T03","K18,K22","planned","","","",""
"T19","5","WhatsApp 附件下載至案件文件","T12,T17,T18","K18","planned","","","",""
"T20","6","Admin 職員生命週期與權限交接","T01,T02,T09","K11","planned","","","",""
"T21","6","真實模板版本、使用量及變更影響","T03,T09","K15,K22","planned","","","",""
"T22","6","案件、客戶與工作分派批量 UI","T09,T04,T05","K22,K12","planned","","","",""
"T23","6","批量追件草稿及批准傳送","T09,T18,T22","K18,K22,K04","planned","","","",""
"T24","6","文件、付款與交件批量維護","T09,T12,T13,T14,T15,T16","K22,K17","planned","","","",""
"T25","7","文件文字層、OCR 與案件 context AI","T12,T03,T08","K19","planned","","","",""
"T26","7","日常操作 UX 及 zh-HK 一致性","T03,T05,T08,T18,T22","K22,K24,K02","planned","","","",""
"T27","7","大量案件及月表效能","T03,T04,T10,T11,T09","K23","planned","","","",""
"T28","7","其餘新服務與客戶資料完整驗收","T01,T02,T12,T20,T21","","planned","","","",""
"T29","8","角色、遷移、端到端與分段發佈","T00,T01,T02,T03,T04,T05,T06,T07,T08,T09,T10,T11,T12,T13,T14,T15,T16,T17,T18,T19,T20,T21,T22,T23,T24,T25,T26,T27,T28","K01,K02,K03,K04,K05,K06,K07,K08,K09,K10,K11,K12,K13,K14,K15,K16,K17,K18,K19,K20,K21,K22,K23,K24","planned","","","",""
